longitude,latitude,roads_centroids
-2.0242241314204934,48.598050361774725,-64.447586420372559
-2.024444872853308,48.60029382078487,-67.569341465011902
-2.0246656336562405,48.60253727757709,-76.938841894318642
-2.024886413831837,48.60478073214791,-92.55376567414217
-2.0251072133826464,48.60702418449377,-49.174230854988764
-2.025328032311213,48.60926763461117,-73.764196373806712
-2.0255488706200846,48.61151108249661,-51.889494879529423
-2.0257697283118095,48.613754528146565,-36.242071456872139
-2.025990605388937,48.61599797155752,-26.818308321632617
-2.0262115018540148,48.61824141272597,-23.614531035427596
-2.0264324177095916,48.620484851648385,-26.627116840434059
-2.026653352958217,48.62272828832126,-35.852617534608797
-2.026874307602444,48.62497172274108,-51.287940987413521
-2.027095281644819,48.627215154904334,-53.220984516337069
-2.0273162750878964,48.62945858480751,-36.110728761952515
-2.027537287934225,48.63170201244707,-24.948804545853015
-2.0277583201863583,48.63394543781953,-18.765030377066225
-2.0279793718468486,48.63618886092134,-17.306188044029085
-2.0282004429182496,48.63843228174902,-21.405297259957401
-2.028421533403111,48.640675700299035,-30.993435803932702
-2.02864264330399,48.64291911656786,-24.462189205860557
-2.0288637726234398,48.645162530552,-18.206926591693268
-2.029084921364014,48.64740594224792,-16.362518337141914
-2.0293060895282675,48.64964935165211,-16.725376186784857
-2.0295272771187576,48.651892758761065,-19.272033158707004
-2.0297484841380387,48.65413616357126,-26.468512672019841
-2.0299697105886683,48.656379566079174,-38.896956004291297
-2.030190956473202,48.6586229662813,-47.142632926544465
-2.0304122217941973,48.66086636417411,-80.84081965375394
-2.0306335065542127,48.6631097597541,-48.27831086166384
-2.0308548107558053,48.66535315301773,-161.93869152202052
-2.031076134401535,48.667596543961515,-48.91770139388295
-2.03129747749396,48.66983993258191,-252.84081634075287
-2.0315188400356394,48.672083318875416,-307.56191556454098
-2.0317402220291347,48.6743267028385,-368.47605821971638
-2.031961623477004,48.676570084467635,-435.58640463098959
-2.032183044381809,48.67881346375933,-508.89213369448407
-2.0324044847461127,48.68105684071007,-588.39008596022404
-2.0208417836335264,48.598196721007646,-43.843805899630922
-2.0210623773030725,48.60044018632182,-46.954698519606737
-2.0212829903298823,48.60268364941841,-56.303656853003943
-2.021503622716498,48.60492711029388,-50.00602551992597
-2.021724274465468,48.60717056894475,-48.365339293819616
-2.021944945579334,48.60941402536749,-68.517794957480987
-2.022165636060645,48.61165747955858,-46.565919856217405
-2.022386345911944,48.61390093151453,-31.079903827412945
-2.0226070751357796,48.616144381231784,-21.58606493476271
-2.022827823734699,48.61838782870688,-18.298264405670949
-2.0230485917112495,48.62063127393625,-21.211596528949848
-2.023269379067977,48.62287471691643,-30.32282367069929
-2.023490185807433,48.625118157643854,-45.629090528964312
-2.023711011932165,48.62736159611506,-44.598146504798123
-2.023931857444723,48.62960503232649,-33.287549267551711
-2.0241527223476554,48.631848466274654,-22.849078214125388
-2.0243736066435147,48.634091897956026,-17.423935469821366
-2.0245945103348486,48.6363353273671,-16.890812503583099
-2.0248154334242106,48.638578754504344,-21.36140713051714
-2.025036375914152,48.640822179364264,-22.787016724680313
-2.025257337807223,48.64306560194332,-20.475235741011875
-2.0254783191059773,48.645309022238024,-17.006774967378536
-2.025699319812968,48.64755244024483,-15.09738448098293
-2.0259203399307473,48.64979585596023,-15.263305706513323
-2.0261413794618712,48.652039269380715,-16.945055980245858
-2.026362438408892,48.654282680502774,-22.897831399979623
-2.0265835167743655,48.65652608932289,-34.38867337862925
-2.026804614560846,48.65876949583753,-47.083430034237722
-2.0270257317708897,48.6610129000432,-47.080177716060831
-2.027246868407052,48.66325630193636,-48.562635959056834
-2.02746802447189,48.6654997015135,-148.90919268141883
-2.02768919996796,48.6677430987711,-48.7671765854885
-2.027910394897819,48.669986493705665,-49.191769071856342
-2.0281316092640274,48.67222988631364,-293.81981887794063
-2.0283528430691415,48.67447327659153,-354.45929397282231
-2.0285740963157184,48.6767166645358,-421.28179151068036
-2.02879536900632,48.678960050142976,-494.29950220197276
-2.0290166611435048,48.68120343340951,-573.52192538516147
-2.01745941649184,48.598342981808614,-29.436620340957209
-2.0176798623955747,48.600586453422586,-32.496741077159911
-2.0179003276437157,48.6028299228193,-41.73092330107859
-2.018120812238807,48.605073389995255,-48.4977126585528
-2.018341316183392,48.6073168549469,-70.803155814502844
-2.018561839480013,48.60956031767075,-54.863262207468125
-2.018782382131214,48.61180377816328,-40.8463231501525
-2.0190029441395416,48.61404723642099,-30.255247061335236
-2.0192235255075395,48.616290692440344,-21.979318154853118
-2.0194441262377527,48.61853414621784,-18.610645305676965
-2.0196647463327277,48.62077759774996,-21.411821382005122
-2.0198853857950096,48.6230210470332,-30.41326915661649
-2.020106044627147,48.625264494064034,-35.88326253793538
-2.0203267228316864,48.627507938838946,-30.303562281499115
-2.0205474204111744,48.62975138135444,-26.975670816206232
-2.0207681373681616,48.63199482160698,-20.263687089880616
-2.0209888737051935,48.63423825959305,-16.887798044256353
-2.0212096294248223,48.63648169530914,-16.771967510319854
-2.021430404529594,48.63872512875176,-18.926150515869303
-2.0216511990220605,48.64096855991735,-17.576437046134366
-2.0218720129047716,48.64321198880242,-16.927855732087753
-2.022092846180279,48.645455415403454,-17.52778319206654
-2.022313698851133,48.647698839716924,-16.437900618142436
-2.022534570919885,48.64994226173932,-15.833604729000831
-2.0227554623890867,48.652185681467124,-16.985622808198258
-2.0229763732612924,48.65442909889683,-22.68349879873308
-2.023197303539055,48.656672514024905,-34.006122987507226
-2.0234182532249267,48.65891592684785,-47.200626751036296
-2.0236392223214623,48.66115933736212,-47.112214203042726
-2.0238602108312156,48.663402745564234,-105.36414180355976
-2.0240812187567414,48.66564615145066,-140.94258912863029
-2.0243022461005946,48.667889555017865,-182.68622738757767
-2.0245232928653327,48.67013295626235,-230.61339917194974
-2.0247443590535097,48.672376355180596,-284.70314805137838
-2.024965444667683,48.674619751769065,-344.68290478399132
-2.02518654971041,48.67686314602427,-409.79540823218082
-2.025407674184246,48.67910653794267,-480.34365973429095
-2.0256288180917528,48.681349927520756,-461.05187693394356
-2.01407703000829,48.598489144176796,-21.068050994026258
-2.01429732814367,48.60073262208635,-23.878957354356682
-2.014517645610602,48.602976097778985,-32.273374186533488
-2.014737982411624,48.60521957125116,-44.251168243553821
-2.0149583385492797,48.607463042499376,-48.780560004519359
-2.015178714026111,48.60970651152012,-44.453072812151561
-2.015399108844661,48.61194997830987,-31.347800498021062
-2.01561952300747,48.61419344286512,-23.840412270137048
-2.015839956517085,48.61643690518235,-19.891909594278484
-2.0160604093760455,48.618680365258044,-20.649656738688577
-2.0162808815868987,48.620923823088695,-26.642100032183222
-2.0165013731521872,48.62316727867077,-28.831020351418633
-2.016721884074459,48.62541073200077,-24.530828029858451
-2.016942414356258,48.6276541830752,-21.923708885617994
-2.01716296400013,48.62989763189052,-19.394184028882776
-2.0173835330086214,48.632141078443205,-18.318461254934231
-2.017604121384279,48.63438452272977,-17.260414859470558
-2.0178247291296496,48.63662796474668,-16.584447224533562
-2.018045356247283,48.63887140449041,-16.311434834166775
-2.0182660027397255,48.64111484195747,-16.918466407643901
-2.0184866686095266,48.64335827714432,-17.698455853972462
-2.0187073538592344,48.645601710047465,-18.618560692039349
-2.0189280584913996,48.64784514066337,-17.741155211027774
-2.019148782508571,48.65008856898853,-16.97061878169087
-2.0193695259133015,48.65233199501944,-17.606055406158696
-2.019590288708139,48.654575418752565,-22.395341024996185
-2.0198110708956367,48.656818840184386,-32.973744870824056
-2.0200318724783455,48.6590622593114,-46.406834383669619
-2.0202526934588185,48.66130567613008,-47.151619541583287
-2.0204735338396076,48.66354909063692,-47.107230067713459
-2.0206943936232657,48.66579250282838,-135.13729161957619
-2.020915272812348,48.66803591270098,-174.82265768482688
-2.0211361714094065,48.67027932025117,-48.693579229128034
-2.0213570894169957,48.672522725475446,-272.058041707087
-2.0215780268376724,48.67476612837028,-70.971221557112429
-2.02179898367399,48.677009528932174,-365.75011374095578
-2.022019959928506,48.67925292715759,-440.64042358740357
-2.0222409556037753,48.681496323043014,-390.19110877758959
-2.0106946241957293,48.598635208111325,-18.212204682994425
-2.010914774560214,48.600878692312264,-19.723238978259189
-2.0111349442433935,48.603122174296594,-25.293147920575461
-2.0113551332478057,48.6053656540608,-31.044257415249827
-2.011575341575992,48.607609131601365,-32.879735869711169
-2.011795569230491,48.60985260691478,-38.288631490529582
-2.0120158162138457,48.612096079997535,-26.734356987742732
-2.012236082528594,48.61433955084611,-20.123737412828032
-2.012456368177281,48.61658301945698,-18.737375156159345
-2.0126766731624457,48.618826485826645,-20.192341978695183
-2.0128969974866338,48.6210699499516,-24.097126941456818
-2.0131173411523835,48.623313411828306,-22.532966338191635
-2.013337704162244,48.62555687145327,-18.922277941655938
-2.0135580865187563,48.627800328822985,-17.933887142546631
-2.0137784882244643,48.6300437839339,-16.864882727620476
-2.013998909281914,48.63228723678252,-16.807512877710284
-2.0142193496936494,48.63453068736534,-17.055988689213578
-2.0144398094622167,48.636774135678834,-16.583412095730722
-2.0146602885901626,48.63901758171948,-16.606350755646393
-2.014880787080032,48.64126102548377,-18.104378677779774
-2.015101304934373,48.643504466968196,-19.809845918392718
-2.015321842155732,48.645747906169234,-19.864578107033758
-2.0155423987466596,48.64799134308335,-18.485435813385507
-2.015762974709701,48.650234777707055,-18.575545133437323
-2.015983570047406,48.652478210036826,-17.318355701084741
-2.0162041847623255,48.65472164006915,-21.078274325945884
-2.0164248188570055,48.65696506780049,-30.38376091589129
-2.0166454723340013,48.65920849322735,-44.893607894797327
-2.016866145195857,48.66145191634622,-47.138098386434422
-2.01708683744513,48.66369533715355,-47.122476475440024
-2.0173075490843675,48.66593875564586,-126.24121680947664
-2.017528280116122,48.668182171819595,-155.7981210518858
-2.0177490305429475,48.670425585671275,-48.399584779240783
-2.017969800367395,48.672668997197356,-49.244146942898183
-2.0181905895920194,48.67491240639434,-67.495756274381137
-2.0184113982193725,48.67715581325868,-81.656213314885917
-2.0186322262520098,48.679399217786894,-94.861730595239237
-2.0188530736924863,48.68164261997543,-109.63607679056702
-2.0073121990670146,48.59878117361142,-19.295084755759632
-2.0075322016580652,48.601024664099505,-18.524371389443424
-2.0077522235549536,48.603268152371314,-19.599386077711976
-2.007972264760216,48.60551163842332,-21.998216673969317
-2.0081923252763914,48.607755122252016,-23.108709413281467
-2.0084124051060175,48.60999860385389,-28.833208403142432
-2.008632504251635,48.61224208322542,-24.880312375848856
-2.0088526227157817,48.6144855603631,-19.912813755126518
-2.0090727605009984,48.61672903526341,-17.750255955232582
-2.0092929176098258,48.61897250792284,-18.167126352477812
-2.009513094044804,48.62121597833787,-18.065397554324598
-2.0097332898084734,48.623459446504995,-18.271020379064026
-2.0099535049033777,48.62570291242069,-17.680060338827122
-2.0101737393320596,48.62794637608145,-16.734664332007927
-2.01039399309706,48.630189837483755,-16.989918351400362
-2.0106142662009217,48.632433296624086,-17.236193870661911
-2.010834558646189,48.634676753498944,-16.660029205554007
-2.011054870435405,48.6369202081048,-16.501738021393493
-2.0112752015711175,48.639163660438136,-16.621928857986404
-2.0114955520558664,48.64140711049545,-17.782424565363733
-2.011715921892201,48.64365055827321,-17.972977769285158
-2.0119363110826645,48.64589400376791,-17.437901256503586
-2.012156719629805,48.64813744697603,-17.183671359614213
-2.012377147536166,48.65038088789406,-18.600906119530144
-2.012597594804299,48.65262432651847,-16.278523418906595
-2.012818061436749,48.65486776284577,-18.971955317378999
-2.013038547436063,48.657111196872414,-26.397926662397275
-2.013259052804792,48.6593546285949,-38.84409080665867
-2.013479577545483,48.6615980580097,-57.108394091172585
-2.013700121660686,48.663841485113316,-46.822102895231154
-2.0139206851529505,48.666084909902224,-47.267133791575972
-2.014141268024827,48.6683283323729,-135.02269476201175
-2.0143618702788664,48.67057175252183,-48.440403734663263
-2.0145824919176194,48.6728151703455,-48.100843088924222
-2.014803132943638,48.67505858584038,-262.39213787190039
-2.0150237933594712,48.67730199900297,-69.826613593837791
-2.015244473167677,48.67954540982974,-77.055265124009694
-2.0154651723708037,48.68178881831717,-267.20127423946167
-2.003929754634999,48.59892704067623,-24.017937839118453
-2.004149609450079,48.60117053744726,-19.800501768723318
-2.004369483558138,48.60341403200232,-18.014948663828548
-2.0045893769617127,48.60565752433791,-18.226474169172068
-2.0048092896633385,48.607901014450526,-19.408424719344026
-2.005029221665553,48.610144502336624,-24.832323476994368
-2.0052491729708937,48.61238798799272,-23.601782787937843
-2.005469143581898,48.61463147141527,-19.91895865667713
-2.005689133501105,48.616874952600796,-16.980561825970355
-2.0059091427310527,48.61911843154576,-16.849505718806213
-2.0061291712742806,48.62136190824667,-16.26772883148903
-2.0063492191333276,48.62360538269997,-16.927965103286652
-2.006569286310735,48.62584885490218,-16.573664003428515
-2.006789372809042,48.62809232484979,-16.747505097554104
-2.0070094786307906,48.630335792539256,-16.023297235573416
-2.0072296037785224,48.63257925796708,-16.492622562373615
-2.0074497482547784,48.63482272112975,-16.664439058703287
-2.0076699120621004,48.637066182023744,-16.838709102721428
-2.0078900952030327,48.63930964064556,-16.445904722406631
-2.0081102976801173,48.64155309699166,-17.503427512564912
-2.0083305194958996,48.643796551058536,-16.891218618112106
-2.00855076065292,48.64604000284268,-15.815520890232433
-2.0087710211537257,48.64828345234057,-16.165356632274701
-2.008991301000862,48.65052689954869,-17.154954176667246
-2.0092116001968745,48.65277034446353,-16.346586904340398
-2.0094319187443066,48.65501378708157,-17.81481165795045
-2.009652256645706,48.65725722739929,-23.170299068738299
-2.009872613903621,48.65950066541318,-32.991428383864843
-2.0100929905205964,48.66174410111972,-46.249327502653585
-2.010313386499181,48.663987534515385,-64.995748928213644
-2.0105338018419228,48.66623096559668,-48.931636026180868
-2.0107542365513695,48.668474394360054,-115.44622746318836
-2.0109746906300714,48.67071782080201,-148.33822738529093
-2.0111951640805774,48.672961244919044,-191.15398355371477
-2.0114156569054376,48.675204666707614,-53.5548548911583
-2.011636169107201,48.67744808616421,-213.61596990826541
-2.0118567006884205,48.679691503285326,-211.23793228819503
-2.012077251651646,48.68193491806742,-215.06876435036861
-2.0005472909125404,48.59907280930494,-27.775101605551605
-2.000766997949113,48.601316312354676,-19.969206781453664
-2.0009867242658084,48.603559813188774,-17.720629885672597
-2.0012064698651577,48.60580331180375,-18.761991214345731
-2.001426234749698,48.60804680819603,-20.122961274300994
-2.0016460189219627,48.61029030236215,-20.678735913624422
-2.001865822384489,48.61253379429859,-19.466785046983478
-2.0020856451398137,48.614777284001825,-19.561709387953318
-2.0023054871904713,48.61702077146833,-17.471489131933659
-2.0025253485390007,48.61926425669462,-16.915340075647148
-2.002745229187938,48.621507739677156,-16.62491859948862
-2.0029651291398216,48.62375122041243,-16.941610730241866
-2.003185048397191,48.62599469889694,-16.345522198535591
-2.0034049869625843,48.628238175127144,-17.00220621932889
-2.0036249448385406,48.630481649099565,-16.269072478751571
-2.0038449220275982,48.63272512081066,-16.612851700573156
-2.004064918532301,48.634968590256925,-16.99544842580238
-2.0042849343551867,48.637212057434844,-16.913020541829546
-2.004504969498796,48.63945552234089,-16.854454454772618
-2.0047250239656718,48.64169898497157,-18.366958577014692
-2.0049450977583563,48.64394244532335,-16.972717075981095
-2.005165190879391,48.646185903392706,-15.993964655270167
-2.005385303331319,48.648429359176156,-16.31497862686529
-2.0056054351166823,48.65067281267015,-16.3843493016685
-2.0058255862380276,48.65291626387119,-16.499140328506691
-2.006045756697897,48.65515971277575,-17.263144291670336
-2.0062659464988344,48.657403159380316,-19.581063496740114
-2.0064861556433877,48.659646603681395,-26.252474932984338
-2.0067063841340995,48.661890045675435,-38.15054624240355
-2.006926631973518,48.66413348535893,-47.076653338416463
-2.007146899164188,48.66637692272836,-48.590036923960838
-2.0073671857086572,48.66862035778023,-100.79709644261024
-2.0075874916094727,48.670863790511,-49.073469053817675
-2.007807816869182,48.67310722091716,-155.98750166951575
-2.008028161490334,48.675350648995185,-49.928407158372607
-2.008248525475475,48.67759407474157,-52.549372113822415
-2.0084689088271586,48.67983749815279,-165.35879274972106
-2.00868931154793,48.68208091922533,-169.17491561675052
-1.9971648079124946,48.599218479496706,-29.820856055439211
-1.997384367168028,48.601461988820944,-22.082267881607269
-1.9976039456908221,48.60370549592987,-19.926597574975581
-1.9978235434834135,48.605949000819976,-19.738044841209565
-1.9980431605483313,48.608192503487736,-18.826272256467796
-1.9982627968881117,48.61043600392967,-18.559437539333494
-1.9984824525052889,48.612679502142214,-18.363649263179443
-1.9987021274023946,48.61492299812189,-18.485238749827985
-1.9989218215819677,48.61716649186518,-18.382276049986764
-1.9991415350465407,48.619409983368556,-17.625072553142765
-1.9993612677986508,48.62165347262851,-17.359477046230303
-1.9995810198408324,48.623896959641534,-17.701071817040223
-1.999800791175624,48.626140444404115,-17.473510018851364
-2.000020581805564,48.62838392691273,-18.037363777718749
-2.000240391733187,48.630627407163864,-16.677974696120852
-2.000460220961034,48.632870885154,-16.505627963659705
-2.0006800694916396,48.63511436087965,-17.049210865622591
-2.000899937327548,48.63735783433726,-16.957621530032945
-2.001119824471294,48.63960130552333,-16.423174426591906
-2.0013397309254195,48.641844774434354,-17.728570607247761
-2.0015596566924643,48.64408824106681,-17.269245794834674
-2.0017796017749685,48.64633170541718,-17.47636193260351
-2.0019995661754746,48.64857516748194,-16.392641118253316
-2.0022195498965236,48.650818627257586,-16.568552668402166
-2.0024395529406576,48.6530620847406,-16.744497982318983
-2.002659575310418,48.65530553992747,-16.405030493963643
-2.0028796170083503,48.65754899281466,-17.374324275749697
-2.0030996780369956,48.659792443398686,-22.019265726483045
-2.0033197583988986,48.66203589167601,-30.90314768094234
-2.003539858096605,48.6642793376431,-45.112419792744774
-2.0037599771326566,48.66652278129647,-46.927688486308099
-2.0039801155096,48.6687662226326,-48.472043407621356
-2.004200273229981,48.67100966164795,-47.888204066561102
-2.004420450296345,48.67325309833902,-124.90337436170711
-2.0046406467112403,48.67549653270228,-162.052025428349
-2.0048608624772113,48.67773996473422,-128.07501185392664
-2.005081097596806,48.67998339443131,-125.71714786093094
-2.005301352072575,48.68222682179007,-129.51682171384581
-1.9937823056477193,48.59936405125071,-38.035479107495149
-1.9940017171196789,48.60160756684523,-30.032081895154889
-1.994221147846042,48.60385108022475,-22.882376411431828
-1.99444059782934,48.606094591385784,-19.753063356119295
-1.9946600670721022,48.6083381003248,-19.615060295441666
-1.994879555576864,48.610581607038306,-19.808194581956784
-1.9950990633461556,48.61282511152276,-20.475352283155765
-1.9953185903825104,48.61506861377467,-21.61394926621378
-1.9955381366884615,48.6173121137905,-18.472348204520941
-1.9957577022665425,48.61955561156675,-17.250320964436114
-1.9959772871192882,48.62179910709992,-16.729519651338432
-1.996196891249233,48.62404260038647,-16.753070960372867
-1.9964165146589103,48.626286091422884,-16.413253074449599
-1.9966361573508586,48.62852958020569,-16.978129281863026
-1.9968558193276114,48.630773066731315,-16.647256635659105
-1.9970755005917065,48.633016550996295,-16.304477693843111
-1.9972952011456797,48.63526003299708,-16.849840893170757
-1.9975149209920684,48.63750351273017,-16.355606287150707
-1.9977346601334118,48.63974699019205,-16.403841848302797
-1.9979544185722462,48.64199046537919,-17.878602657360688
-1.9981741963111102,48.644233938288096,-17.424589562371281
-1.9983939933525443,48.64647740891523,-17.61417695715064
-1.9986138096990873,48.648720877257105,-16.938863079215789
-1.998833645353279,48.65096434331018,-16.971927264971445
-1.9990535003176597,48.65320780707095,-16.589069500242438
-1.99927337459477,48.6554512685359,-16.655542503401435
-1.9994932681871511,48.6576947277015,-16.412002104020836
-1.999713181097346,48.65993818456423,-19.295366116692595
-1.9999331133278957,48.66218163912061,-26.411244970231792
-2.0001530648813435,48.66442509136711,-37.450161376881198
-2.0003730357602314,48.666668541300176,-47.136100588185641
-2.0005930259671048,48.668911988916335,-65.58453822850268
-2.0008130355045046,48.67115543421203,-79.887611591130096
-2.0010330643749774,48.67339887718378,-48.137881490859698
-2.001253112581068,48.67564231782805,-125.56657244696413
-2.0014731801253207,48.67788575614133,-49.216326386275284
-2.0016932670102823,48.68012919212009,-92.3082088170259
-2.0019133732384997,48.68237262576082,-96.090460740740525
-1.9903997841310719,48.59950952456613,-52.006344829867075
-1.9906190478169266,48.601753046426715,-37.632289385197637
-1.9908383307443267,48.60399656607262,-28.434853415641228
-1.9910576329157994,48.60624008350036,-25.085446748298359
-1.9912769543338764,48.608483598706414,-20.264211295401449
-1.9914962950010862,48.61072711168726,-18.850014820763509
-1.9917156549199606,48.6129706224394,-19.506797815522646
-1.9919350340930304,48.61521413095931,-19.669865394840933
-1.9921544325228264,48.61745763724348,-18.954819690079187
-1.9923738502118813,48.61970114128839,-17.317478355455652
-1.9925932871627279,48.62194464309053,-16.419537686291306
-1.9928127433778988,48.62418814264638,-16.793037720892848
-1.9930322188599272,48.62643163995244,-16.129734842223666
-1.9932517136113483,48.62867513500518,-16.778996408213889
-1.9934712276346944,48.63091862780111,-16.765482979881732
-1.9936907609325005,48.633162118336685,-16.075080375831075
-1.9939103135073035,48.6354056066084,-16.297789925172342
-1.9941298853616376,48.63764909261274,-16.570600723172149
-1.9943494764980383,48.63989257634619,-16.471903898344678
-1.9945690869190429,48.64213605780524,-16.211206194671494
-1.9947887166271894,48.64437953698638,-16.860998213076137
-1.9950083656250122,48.64662301388607,-17.138210959462615
-1.995228033915052,48.64886648850082,-17.044338199941336
-1.9954477214998445,48.65110996082709,-17.008833990252739
-1.9956674283819311,48.653353430861394,-16.497639436902418
-1.9958871545638504,48.655596898600194,-16.741096976928517
-1.99610690004814,48.65784036403997,-16.493603164292985
-1.9963266648373412,48.660083827177225,-17.447675988445202
-1.996546448933995,48.66232728800842,-21.648246052190022
-1.996766252340642,48.66457074653007,-28.518027728162632
-1.9969860750598232,48.66681420273862,-38.271669387281094
-1.9972059170940804,48.66905765663058,-47.304599232924772
-1.9974257784459561,48.67130110820242,-60.381122145700672
-1.9976456591179932,48.673544557450626,-83.116383448070991
-1.9978655591127348,48.675788004371675,-94.785037569678593
-1.9980854784327229,48.67803144896206,-67.372363330504186
-1.9983054170805044,48.68027489121826,-65.124491132520888
-1.9985253750586225,48.68251833113675,-68.889197903614644
-1.987017243375409,48.59965489944213,-64.87436462258502
-1.9872363592726319,48.60189842756454,-49.427680184555541
-1.9874554943985387,48.60414195347262,-40.212178711738545
-1.9876746487556578,48.60638547716285,-30.52465312520193
-1.987893822346518,48.608628998631715,-22.447364965097847
-1.9881130151736457,48.61087251787571,-20.30861436773732
-1.9883322272395703,48.61311603489131,-19.639462675582706
-1.9885514585468225,48.61535954967501,-19.497827119578204
-1.9887707090979316,48.61760306222328,-20.70340753507454
-1.9889899788954288,48.61984657253264,-17.897083705439194
-1.989209267941844,48.622090080599534,-17.585818702394711
-1.9894285762397084,48.62433358642047,-16.642158445958913
-1.9896479037915527,48.62657708999193,-16.246957868605641
-1.9898672505999127,48.628820591310415,-16.901054247454326
-1.9900866166673168,48.63106409037239,-17.061490325786583
-1.9903060019963008,48.63330758717434,-16.676472615235383
-1.9905254065893958,48.63555108171278,-15.970143339167446
-1.9907448304491386,48.637794573984145,-16.231139463761128
-1.9909642735780615,48.64003806398495,-16.276615281738209
-1.9911837359786997,48.64228155171169,-16.484810280252333
-1.9914032176535892,48.644525037160825,-17.15659985707995
-1.9916227186052642,48.646768520328855,-16.750320428696476
-1.9918422388362624,48.64901200121226,-16.233723698461937
-1.992061778349119,48.65125547980753,-16.945767597079982
-1.992281337146372,48.65349895611112,-16.909640999240079
-1.9925009152305586,48.655742430119545,-16.43878286209905
-1.992720512604217,48.657985901829285,-16.577960878364632
-1.9929401292698852,48.66022937123683,-16.654878808711487
-1.9931597652301023,48.66247283833863,-17.993504804939214
-1.9933794204874067,48.66471630313119,-22.177748075666294
-1.9935990950443394,48.666959765611004,-26.924282359565996
-1.993818788903439,48.669203225774545,-34.104907362256583
-1.9940385020672469,48.671446683618285,-45.167628213096563
-1.9942582345383049,48.67369013913872,-49.139883582672624
-1.9944779863191537,48.675933592332335,-50.635865209390843
-1.994697757412334,48.678177043195596,-46.244581293022264
-1.9949175478203895,48.68042049172501,-44.149311167858059
-1.9951373575458637,48.68266393791703,-47.899906457815675
-1.983634683393589,48.59980017587789,-82.918692856816151
-1.983853651499652,48.60204371025793,-67.467524806797272
-1.9840726388215388,48.60428724242396,-52.470555640975903
-1.9842916453617756,48.60653077237245,-38.137650951082918
-1.9845106711228888,48.60877430009992,-29.930127496167877
-1.984729716107406,48.61101782560282,-26.857981009283549
-1.984948780317852,48.613261348877664,-20.512437237877517
-1.9851678637567582,48.61550486992093,-18.106696039063166
-1.9853869664266512,48.61774838872909,-18.305054853319081
-1.9856060883300573,48.61999190529866,-19.367425562973406
-1.9858252294695098,48.6222354196261,-17.338849593711021
-1.9860443898475348,48.6244789317079,-17.08511566488675
-1.986263569466665,48.62672244154056,-16.13675088393645
-1.9864827683294297,48.62896594912055,-17.249779248991974
-1.9867019864383604,48.63120945444435,-16.584496177355625
-1.9869212237959872,48.63345295750847,-17.125518210454455
-1.987140480404843,48.63569645830938,-16.576457393781876
-1.9873597562674592,48.63793995684357,-17.69345555900837
-1.9875790513863683,48.64018345310751,-17.27153548989493
-1.9877983657641063,48.642426947097704,-17.452014641990772
-1.988017699403203,48.644670438810635,-17.477113194899349
-1.9882370523061936,48.64691392824275,-16.262372354423803
-1.9884564244756127,48.64915741539061,-16.714956445626974
-1.9886758159139961,48.651400900250614,-18.199913575486399
-1.9888952266238789,48.65364438281929,-16.892328946390748
-1.9891146566077957,48.655887863093135,-16.4567827269397
-1.989334105868284,48.658131341068604,-16.698105268261084
-1.9895535744078796,48.66037481674219,-16.589773102197746
-1.9897730622291194,48.66261829011038,-16.523788440725468
-1.9899925693345426,48.664861761169654,-17.597408502868355
-1.9902120957266864,48.667105229916494,-19.996408760979193
-1.990431641408088,48.669348696347384,-25.443042326728651
-1.990651206381288,48.671592160458815,-33.412307746510223
-1.9908707906488243,48.673835622247246,-39.844539634040927
-1.9910903942132385,48.67607908170919,-34.062579615188113
-1.9913100170770692,48.678322538841115,-31.129144320524279
-1.9915296592428577,48.6805659936395,-29.370386628615371
-1.9917493207131451,48.682809446100826,-33.094573980437076
-1.9802521041984698,48.599945353872585,-107.21270296539234
-1.9804709245108478,48.60218889450602,-48.192289868055241
-1.9806897640261885,48.604432432925776,-66.21578370440777
-1.9809086227470174,48.60667596912833,-50.978707275660938
-1.9811275006758577,48.608919503110165,-34.499551780149829
-1.9813463978152357,48.61116303486778,-23.439065673159018
-1.9815653141676763,48.61340656439764,-17.908120585201807
-1.9817842497357079,48.615650091696246,-16.813865355748238
-1.9820032045218539,48.61789361676009,-17.814747158415596
-1.9822221785286427,48.62013713958566,-18.722495703465526
-1.9824411717586015,48.6223806601694,-17.698025939642235
-1.9826601842142595,48.624624178507844,-17.856430905725389
-1.9828792158981436,48.62686769459747,-17.263329474073274
-1.9830982668127828,48.62911120843474,-17.552629141307719
-1.9833173369607058,48.63135472001617,-16.281314776113526
-1.9835364263444455,48.633598229338226,-17.080068888236177
-1.983755534966528,48.635841736397396,-17.135272480952231
-1.9839746628294865,48.63808524119017,-17.54660869261583
-1.9841938099358496,48.64032874371303,-18.850540022974567
-1.9844129762881515,48.642572243962455,-19.27392548447331
-1.9846321618889222,48.64481574193495,-17.363872454890846
-1.9848513667406942,48.647059237626955,-16.290975872916938
-1.9850705908460011,48.649302731035,-16.586084843077757
-1.9852898342073741,48.65154622215556,-16.574547550995071
-1.985509096827351,48.65378971098509,-16.825257723970466
-1.9857283787084616,48.65603319752012,-16.796883913201803
-1.9859476798532434,48.65827668175708,-16.148968225899004
-1.9861670002642295,48.6605201636925,-16.699977321869479
-1.9863863399439559,48.66276364332284,-16.521915329081683
-1.9866056988949587,48.66500712064461,-16.731354937381951
-1.9868250771197746,48.66725059565425,-17.452285014747481
-1.9870444746209404,48.66949406834827,-19.966019907120078
-1.987263891400992,48.67173753872316,-23.807696835370944
-1.9874833274624686,48.67398100677538,-28.217300058249297
-1.9877027828079066,48.676224472501424,-23.529043588763404
-1.9879222574398459,48.67846793589778,-21.78308370906398
-1.988141751360826,48.68071139696091,-20.729345811233184
-1.9883612645733848,48.68295485568732,-24.416318934696509
-1.9768695058029135,48.600090433425386,-50.816267254669754
-1.9770881783190823,48.60233398030802,-49.561350259723426
-1.977306870025352,48.60457752497728,-61.492602105049002
-1.9775255809242471,48.60682106742966,-45.035118221785012
-1.9777443110182897,48.60906460766166,-34.386925741969321
-1.9779630603100031,48.61130814566973,-25.074476214475432
-1.9781818288019117,48.61355168145041,-19.621342978088848
-1.9784006164965409,48.61579521500014,-18.811481214244402
-1.978619423396414,48.618038746315435,-19.283914152635393
-1.9788382495040573,48.62028227539277,-20.729661582860473
-1.979057094821996,48.622525802228616,-20.400576159040412
-1.9792759593527562,48.624769326819475,-21.775529075462774
-1.9794948430988661,48.62701284916185,-18.439427884466816
-1.9797137460628518,48.629256369252204,-17.544905741399003
-1.9799326682472396,48.63149988708702,-18.091505249688062
-1.9801516096545595,48.63374340266278,-18.078969537996656
-1.9803705702873393,48.635986915976,-17.663606952453407
-1.9805895501481077,48.63823042702313,-17.653532604668435
-1.9808085492393939,48.640473935800685,-18.872646038236958
-1.9810275675637288,48.64271744230512,-17.79479436648267
-1.9812466051236408,48.64496094653294,-17.314118225923899
-1.981465661921661,48.64720444848062,-17.493662343027825
-1.9816847379603222,48.649447948144655,-16.578909313550533
-1.9819038332421532,48.65169144552151,-16.622949595896671
-1.9821229477696884,48.653934940607684,-16.78002193456549
-1.9823420815454587,48.65617843339967,-16.315640512378103
-1.9825612345719974,48.65842192389392,-16.467530727859938
-1.9827804068518393,48.66066541208695,-17.117236608602411
-1.9829995983875173,48.66290889797523,-16.905676365380703
-1.9832188091815641,48.66515238155524,-16.745592807911095
-1.983438039236515,48.66739586282347,-16.984032027084844
-1.9836572885549058,48.66963934177639,-16.910381392203188
-1.9838765571392725,48.6718828184105,-18.277304278182509
-1.9840958449921497,48.67412629272228,-20.654039872810131
-1.9843151521160753,48.6763697647082,-18.514041396345938
-1.984534478513584,48.67861323436475,-17.742059163013884
-1.9847538241872154,48.68085670168842,-18.031802541917823
-1.9849731891395057,48.68310016667568,-21.685566252209519
-1.9734868882197771,48.6002354145355,-101.8638957607499
-1.9737054129372142,48.60247896766307,-47.981346756650737
-1.9739239568318907,48.60472251857763,-51.66417739249917
-1.974142519906329,48.60696606727563,-35.645896774428792
-1.9743611021630505,48.60920961375355,-25.530183740171715
-1.9745797036045754,48.6114531580079,-21.173587133480048
-1.974798324233428,48.61369670003514,-19.117446155495315
-1.9750169640521293,48.61594023983178,-19.560411707297902
-1.975235623063204,48.618183777394314,-20.851531888888026
-1.975454301269176,48.62042731271919,-19.397684779327328
-1.975672998672568,48.62267084580292,-20.751250109450382
-1.9758917152759048,48.62491437664199,-24.968463399438459
-1.9761104510817118,48.62715790523287,-20.083733122500973
-1.9763292060925157,48.62940143157207,-18.476439813436599
-1.9765479803108412,48.63164495565605,-18.499096104058978
-1.9767667737392136,48.63388847748133,-18.928077430317938
-1.9769855863801615,48.63613199704436,-19.220138333911901
-1.9772044182362103,48.63837551434163,-19.975502030185275
-1.97742326930989,48.64061902936965,-18.955542604024089
-1.9776421396037263,48.64286254212488,-18.51217142154136
-1.977861029120249,48.64510605260382,-18.521015931398669
-1.9780799378619882,48.64734956080293,-17.161542471378453
-1.9782988658314702,48.64959306671873,-16.892899043796408
-1.9785178130312266,48.651836570347676,-16.865130910386725
-1.9787367794637893,48.65408007168625,-17.384358877481453
-1.9789557651316867,48.656323570730954,-16.637048145059069
-1.9791747700374505,48.65856706747827,-16.732824413038113
-1.9793937941836135,48.66081056192469,-17.155060941081917
-1.9796128375727071,48.66305405406667,-17.002319843745422
-1.979831900207263,48.665297543900714,-16.733707565505007
-1.980050982089815,48.6675410314233,-16.778437192094572
-1.9802700832228957,48.6697845166309,-16.486057052016019
-1.9804892036090411,48.67202799952001,-16.585537225856957
-1.9807083432507833,48.67427148008711,-17.299996763719911
-1.9809275021506583,48.676514958328696,-16.764385348858326
-1.9811466803111994,48.67875843424122,-16.547187581223319
-1.9813658777349452,48.68100190782119,-17.273263200658647
-1.9815850944244293,48.68324537906508,-21.105152129660574
-1.9701042514619203,48.60038029720205,-81.755623382109633
-1.970322628378105,48.60262385657039,-48.48003897469772
-1.9705410244586679,48.604867413726,-47.680206235078003
-1.9707594397061279,48.607110968665395,-31.961476775984931
-1.9709778741230057,48.60935452138503,-22.270507709265729
-1.9711963277118196,48.611598071881424,-18.493333953802018
-1.971414800475093,48.61384162015104,-19.014105103310577
-1.9716332924153446,48.61608516619036,-19.961393986233688
-1.9718518035350985,48.61832870999589,-20.606664404069136
-1.972070333836874,48.6205722515641,-18.631798258994387
-1.9722888833231944,48.62281579089148,-20.230872320494719
-1.9725074519965826,48.625059327974526,-26.560983546298612
-1.9727260398595627,48.62730286280972,-21.828217955009841
-1.9729446469146588,48.62954639539355,-18.471768629127123
-1.9731632731643942,48.63178992572248,-18.19320304487648
-1.973381918611293,48.634033453793016,-21.018568396339035
-1.9736005832578813,48.636276979601654,-18.906132980308222
-1.9738192671066843,48.63852050314485,-18.945393139153204
-1.9740379701602278,48.640764024419106,-19.377314148225732
-1.974256692421039,48.6430075434209,-18.903668446768279
-1.9744754338916435,48.64525106014672,-18.390915903930257
-1.974694194574569,48.64749457459306,-16.899466938477367
-1.9749129744723444,48.64973808675638,-16.589645618441061
-1.975131773587496,48.65198159663319,-16.372383923434533
-1.9753505919225545,48.65422510421996,-17.1423495330741
-1.975569429480048,48.65646860951319,-17.341873707514537
-1.9757882862625047,48.65871211250934,-16.558495228687878
-1.9760071622724569,48.660955613204905,-16.557725534550016
-1.9762260575124337,48.66319911159637,-16.825549150549485
-1.9764449719849662,48.66544260768021,-17.699434994151858
-1.9766639056925848,48.66768610145292,-16.471169556384897
-1.9768828586378233,48.66992959291099,-16.503791619570496
-1.9771018308232127,48.672173082050875,-16.752215963767082
-1.9773208222512846,48.674416568869084,-17.228489200540338
-1.9775398329245741,48.67666005336208,-17.377929172877529
-1.977758862845612,48.67890353552636,-16.553474092410767
-1.9779779120169358,48.681147015358405,-16.730330918798757
-1.978196980441077,48.6833904928547,-17.914349230018761
-1.9667215955422066,48.60052508142426,-51.500476091134914
-1.96693982465462,48.602768647029116,-48.407119331984475
-1.9671580729185487,48.605012210421584,-36.169944055536973
-1.9673763403365114,48.60725577159815,-29.831782409472989
-1.9675946269110243,48.60949933055528,-24.492207906986504
-1.9678129326446079,48.61174288728948,-20.848215722560553
-1.9680312575397803,48.61398644179724,-18.753681428892904
-1.9682496015990603,48.61622999407503,-20.444584481378961
-1.9684679648249688,48.61847354411934,-21.786426777129677
-1.968686347220027,48.62071709192667,-20.12212499170753
-1.9689047487867535,48.62296063749349,-21.451299225540101
-1.96912316952767,48.62520418081628,-25.607582063358446
-1.9693416094452996,48.62744772189156,-20.041970860846263
-1.9695600685421637,48.629691260715795,-17.891577030487134
-1.969778546820784,48.63193479728546,-18.823340784630432
-1.9699970442836836,48.63417833159705,-20.764994262833948
-1.970215560933387,48.63642186364706,-19.530274210230562
-1.9704340967724183,48.63866539343195,-18.607562505628295
-1.9706526518032996,48.64090892094822,-19.404077438461648
-1.9708712260285575,48.64315244619236,-18.932099569386722
-1.9710898194507163,48.64539596916085,-17.8829263338516
-1.9713084320723029,48.64763948985019,-16.793855881798244
-1.9715270638958429,48.64988300825683,-17.156916016143647
-1.9717457149238604,48.65212652437727,-16.50484231758545
-1.9719643851588853,48.65437003820799,-17.349350193598148
-1.9721830746034443,48.656613549745515,-17.367170166063417
-1.9724017832600649,48.658857058986264,-16.617043270806551
-1.972620511131277,48.66110056592677,-16.466312546751368
-1.9728392582196053,48.66334407056349,-16.84293314641376
-1.973058024527582,48.665587572892925,-17.274206167159662
-1.9732768100577371,48.66783107291153,-16.542484914853777
-1.9734956148126006,48.67007457061582,-16.928793914959108
-1.9737144387947005,48.67231806600227,-17.663148265471808
-1.97393328200657,48.67456155906734,-19.095311205526652
-1.97415214445074,48.67680504980754,-20.003456928539773
-1.9743710261297414,48.67904853821934,-17.556607658511531
-1.9745899270461074,48.68129202429923,-17.016439197984162
-1.9748088472023724,48.68353550804369,-17.447717993478989
-1.9633389204734926,48.600669767201275,-57.982856540744095
-1.9635570017796182,48.602913339038444,-39.673499152852777
-1.9637751022243959,48.60515690866355,-27.529198136946402
-1.9639932218103417,48.60740047607306,-21.43127375061627
-1.9642113605399731,48.60964404126348,-19.925476383137269
-1.9644295184158065,48.61188760423128,-17.885806053112333
-1.9646476954403587,48.61413116497295,-17.582369405439888
-1.9648658916161477,48.61637472348498,-20.275449294822888
-1.965084106945692,48.61861827976388,-23.632880569702248
-1.965302341431511,48.62086183380609,-19.919623434031706
-1.9655205950761214,48.62310538560811,-20.595186243887671
-1.9657388678820449,48.62534893516646,-20.403041118002761
-1.965957159851801,48.62759248247759,-18.697902174505927
-1.9661754709879107,48.62983602753799,-17.923571727593547
-1.9663938012928932,48.63207957034416,-19.523867865508706
-1.9666121507692709,48.63432311089259,-19.93507266641539
-1.966830519419566,48.63656664917974,-21.356861940526912
-1.9670489072462995,48.63881018520211,-20.201917141928426
-1.9672673142519945,48.64105371895618,-18.983339365849275
-1.9674857404391743,48.643297250438444,-19.542451080248128
-1.9677041858103628,48.64554077964539,-20.619482690649789
-1.9679226503680836,48.64778430657348,-18.279115730408869
-1.9681411341148602,48.650027831219205,-18.700191169427463
-1.9683596370532177,48.652271353579074,-19.079631151961358
-1.9685781591856821,48.65451487364953,-18.619118957557916
-1.9687967005147802,48.65675839142709,-17.495930643436544
-1.9690152610430356,48.65900190690825,-16.447013869856058
-1.9692338407729757,48.66124542008946,-16.878889296857366
-1.9694524397071296,48.663488930967205,-18.043115663075916
-1.9696710578480219,48.665732439538,-17.480783478368508
-1.9698896951981826,48.66797594579829,-17.551234871562201
-1.9701083517601379,48.67021944974457,-19.306574685784582
-1.9703270275364189,48.67246295137335,-19.245063578884821
-1.9705457225295548,48.67470645068108,-22.135378172032908
-1.9707644367420736,48.67694994766424,-22.403202761575997
-1.9709831701765057,48.67919344231934,-18.178539941177256
-1.9712019228353825,48.68143693464286,-17.151543274736923
-1.9714206947212363,48.68368042463126,-17.325223640644339
-1.9599562262686432,48.600814354532304,-51.772114572031981
-1.960174159765964,48.603057932597565,-36.816463957397033
-1.9603921123890744,48.605301508451056,-24.80161086403562
-1.960610084140489,48.60754508208932,-18.786107749638418
-1.9608280750227198,48.60978865350878,-17.891384178956621
-1.9610460850382858,48.61203222270596,-16.708384992664804
-1.9612641141897003,48.61427578967734,-16.727321955673563
-1.9614821624794792,48.616519354419395,-18.953874733104218
-1.9617002299101416,48.61876291692864,-19.584900585100577
-1.9619183164842016,48.62100647720151,-22.327797279858316
-1.962136422204179,48.62325003523454,-19.458543556085822
-1.9623545470725872,48.62549359102419,-18.871091518407781
-1.96257269109195,48.62773714456696,-20.556256629798824
-1.9627908542647852,48.62998069585933,-18.372031651629577
-1.9630090365936086,48.63222424489778,-19.915346530433951
-1.963227238080943,48.634467791678816,-24.272176905498014
-1.9634454587293066,48.636711336198886,-26.021586852828282
-1.9636636985412206,48.63895487845451,-20.134791172195236
-1.9638819575192061,48.641198418442166,-18.259435759099652
-1.9641002356657844,48.64344195615833,-19.089797678324622
-1.9643185329834778,48.64568549159948,-19.393099857581365
-1.9645368494748072,48.647929024762114,-17.800563708250234
-1.964755185142297,48.65017255564272,-19.778403024703103
-1.9649735399884691,48.652416084237764,-20.769255925692399
-1.9651919140158474,48.65465961054375,-20.171971784395343
-1.9654103072269569,48.656903134557155,-17.813378897276891
-1.965628719624321,48.65914665627445,-16.899805500228609
-1.9658471512104638,48.66139017569215,-19.084630686676853
-1.966065601987913,48.663633692806705,-19.227412802889035
-1.9662840719591939,48.665877207614614,-20.480187193451986
-1.966502561126831,48.668120720112356,-20.642050051585851
-1.966721069493352,48.67036423029643,-18.643641565566249
-1.9669395970612849,48.6726077381633,-18.715750165355637
-1.9671581438331562,48.674851243709455,-19.726053012681113
-1.9673767098114936,48.677094746931374,-19.294335831928123
-1.9675952949988256,48.679338247825534,-17.312017973694381
-1.9678138993976837,48.68158174638845,-17.00623694440452
-1.968032523010594,48.68382524261657,-17.18398276209566
-1.9565735129405168,48.6009588434165,-54.561132296951669
-1.9567912986265208,48.60320242770564,-37.326223297532309
-1.9570091034254493,48.605446009783336,-25.452066061608654
-1.9572269273398153,48.60768958964609,-19.176203124928321
-1.9574447703721338,48.60993316729039,-17.09157954076651
-1.9576626325249156,48.61217674271274,-16.693511982059448
-1.9578805138006767,48.61442031590959,-16.349703524354062
-1.9580984142019298,48.61666388687746,-17.447369555250429
-1.9583163337311922,48.61890745561282,-20.356675823775692
-1.9585342723909764,48.621151022112144,-20.347563676200174
-1.9587522301837992,48.62339458637195,-19.66221040812319
-1.9589702071121782,48.62563814838868,-20.095055038054291
-1.9591882031786287,48.62788170815887,-22.48681334387399
-1.9594062183856678,48.63012526567897,-18.665660075589063
-1.9596242527358134,48.63236882094549,-20.684244650944319
-1.959842306231583,48.634612373954894,-28.59738481585104
-1.9600603788754958,48.63685592470369,-23.345599294790176
-1.9602784706700698,48.639099473188345,-20.270235294808479
-1.960496581617824,48.64134301940533,-19.858471231471043
-1.9607147117212789,48.64358656335118,-18.813329717598535
-1.9609328609829544,48.645830105022334,-19.036764398436745
-1.9611510294053711,48.64807364441528,-18.454935289944675
-1.9613692169910506,48.65031718152653,-20.105069449856352
-1.961587423742513,48.65256071635253,-21.793552462165287
-1.9618056496622809,48.65480424888982,-21.297606941687466
-1.9620238947528779,48.65704777913482,-18.394420187978341
-1.9622421590168255,48.65929130708407,-17.170367526942467
-1.9624604424566472,48.66153483273401,-18.145285302284002
-1.9626787450748664,48.66377835608115,-19.246153448427094
-1.962897066874008,48.66602187712197,-21.902542308484616
-1.963115407856596,48.66826539585294,-22.658179724413884
-1.9633337680251544,48.670508912270556,-19.820828098528782
-1.9635521473822104,48.6727524263713,-20.48833377615297
-1.9637705459302897,48.674995938151646,-21.232186786666169
-1.9639889636719186,48.6772394476081,-19.557455501537955
-1.9642074006096222,48.67948295473711,-18.06434355624344
-1.964425856745929,48.68172645953518,-17.661677635835993
-1.9646443320833678,48.6839699619988,-17.139046133474189
-1.9531907805019795,48.60110323385307,-47.656400815639302
-1.9534084183741527,48.60334682436184,-32.521177295680275
-1.953626075346386,48.60559041265951,-23.635063063863893
-1.9538437514211926,48.60783399874257,-20.913641211757465
-1.954061446601082,48.61007758260749,-18.883202970739411
-1.954279160888567,48.612321164250766,-17.895373676038933
-1.9544968942861596,48.61456474366889,-17.15009400890208
-1.9547146467963725,48.61680832085833,-17.769846909245935
-1.9549324184217183,48.61905189581559,-19.373709997845793
-1.9551502091647117,48.62129546853715,-19.728346869286128
-1.9553680190278666,48.62353903901949,-19.671364705341318
-1.9555858480136972,48.625782607259104,-22.977123335986331
-1.9558036961247172,48.628026173252486,-24.394569642409031
-1.9560215633634446,48.6302697369961,-19.571362918347482
-1.956239449732394,48.63251329848646,-20.647581566895418
-1.9564573552340816,48.634756857720035,-25.968172553587682
-1.956675279871023,48.6370004146933,-22.168183598598546
-1.956893223645737,48.63924396940275,-19.522402591033405
-1.9571111865607407,48.64148752184489,-19.161525931309093
-1.9573291686185528,48.643731072016166,-18.528559468596491
-1.9575471698216913,48.6459746199131,-19.280455748683188
-1.957765190172674,48.64821816553216,-22.595676376607429
-1.9579832296740216,48.65046170886981,-26.342278254134527
-1.9582012883282518,48.65270524992257,-26.905849485254627
-1.9584193661378877,48.6549487886869,-20.989168031871387
-1.9586374631054493,48.6571923251593,-18.058560940230549
-1.9588555792334565,48.659435859336256,-18.858708876027766
-1.9590737145244326,48.66167939121423,-19.120088576073805
-1.9592918689808978,48.66392292078973,-19.430929821627601
-1.959510042605375,48.66616644805922,-19.186587034789156
-1.9597282354003887,48.668409973019195,-22.58513376329233
-1.9599464473684602,48.67065349566614,-26.520166195514932
-1.9601646785121143,48.67289701599653,-26.692978393411856
-1.9603829288338745,48.67514053400685,-27.275629101511914
-1.9606011983362663,48.6773840496936,-23.493524768493288
-1.9608194870218136,48.679627563053224,-19.337888616634345
-1.961037794893044,48.68187107408223,-19.318780757619084
-1.961256121952482,48.68411458277711,-19.815023045153641
-1.9498080289658912,48.60124752584116,-46.441786757949117
-1.9500255190217237,48.60349112256538,-31.306593622914328
-1.9502430281647525,48.60573471707881,-22.421389446773436
-1.9504605563974873,48.607978309377934,-19.772172845068219
-1.9506781037224366,48.61022189945925,-20.265733425089163
-1.9508956701421123,48.612465487319234,-18.576438858352994
-1.9511132556590232,48.61470907295439,-19.554540794437653
-1.9513308602756825,48.6169526563612,-20.356131867692802
-1.9515484839945998,48.619196237536144,-19.527499412031815
-1.9517661268182869,48.62143981647571,-19.47612188767031
-1.9519837887492586,48.62368339317638,-23.248785015134345
-1.9522014697900256,48.62592696763464,-27.190616069540553
-1.952419169943101,48.628170539847005,-24.321745124717932
-1.952636889211,48.63041410980991,-21.436329232004663
-1.9528546275962368,48.63265767751988,-19.584764077448334
-1.9530723851013247,48.634901242973385,-22.061638271933674
-1.9532901617287797,48.63714480616692,-19.37186310574976
-1.9535079574811167,48.639388367096956,-19.476871731737535
-1.9537257723608514,48.64163192575998,-19.910096495072374
-1.9539436063705016,48.643875482152495,-19.233927859030992
-1.954161459512582,48.646119036270974,-19.886246729970225
-1.9543793317896125,48.648362588111894,-19.991198671629643
-1.9545972232041073,48.65060613767176,-22.336868937585486
-1.9548151337585868,48.65284968494703,-20.742720019350074
-1.9550330634555697,48.65509322993422,-19.389459859424825
-1.9552510122975746,48.657336772629776,-19.302639385588513
-1.9554689802871206,48.6595803130302,-18.663905346498069
-1.9556869674267283,48.661823851132,-20.33664890710509
-1.9559049737189174,48.66406738693162,-19.547618049443003
-1.9561229991662088,48.66631092042557,-18.573655789220787
-1.9563410437711235,48.66855445161031,-20.811433122956061
-1.9565591075361837,48.67079798048236,-28.857946903267834
-1.956777190463911,48.67304150703818,-39.077543884693526
-1.9569952925568292,48.67528503127423,-38.53249910190749
-1.9572134138174588,48.677528553187045,-30.606452874615883
-1.9574315542483252,48.679772072773055,-25.304748433067662
-1.957649713851952,48.68201559002878,-25.892998882880921
-1.957867892630864,48.6842591049507,-28.047296247174582
-1.9464252583451145,48.60139171937999,-51.477164837911843
-1.9466426005820974,48.60363532231541,-36.341976542485057
-1.946859961893413,48.605878923040365,-27.454334641782882
-1.9470773422815653,48.608122521551344,-23.378312580265757
-1.947294741749065,48.61036611784484,-19.86743905281628
-1.9475121602984196,48.61260971191733,-19.491861698934976
-1.9477295979321398,48.6148533037653,-22.88683132490219
-1.947947054652732,48.617096893385245,-26.525051618480727
-1.948164530462709,48.619340480773644,-20.633788568166558
-1.9483820253645785,48.621584065927,-19.284477619510511
-1.948599539360854,48.623827648841775,-20.925813359609293
-1.948817072454044,48.62607122951447,-20.78736075706933
-1.9490346246466612,48.628314807941564,-19.562370425847725
-1.9492521959412186,48.63055838411955,-19.502657629851068
-1.9494697863402275,48.632801958044915,-22.779858137041728
-1.9496873958462009,48.63504552971414,-22.723652158323148
-1.9499050244616536,48.637289099123706,-20.4838602216292
-1.9501226721890976,48.639532666270114,-23.155186523438541
-1.950340339031047,48.64177623114983,-23.033363088005473
-1.9505580249900185,48.64401979375934,-21.369670140140617
-1.9507757300685256,48.64626335409515,-22.809623875249084
-1.9509934542690832,48.64850691215372,-19.533270560520329
-1.9512111975942088,48.650750467931545,-19.243960552223648
-1.9514289600464183,48.65299402142511,-19.009748903627678
-1.9516467416282295,48.6552375726309,-20.027977535036129
-1.951864542342158,48.6574811215454,-22.667985184293052
-1.952082362190723,48.65972466816509,-19.372101339929152
-1.9523002011764423,48.661968212486464,-21.923119170957172
-1.952518059301834,48.66421175450599,-21.634658839105889
-1.9527359365694172,48.66645529422018,-18.486069379840814
-1.9529538329817133,48.66869883162548,-20.033987553840547
-1.9531717485412403,48.670942366718386,-27.765876019832767
-1.9533896832505189,48.673185899495394,-41.700390784814957
-1.9536076371120694,48.67542942995298,-53.676803956885465
-1.9538256101284155,48.67767295808762,-42.486295907570153
-1.9540436023020762,48.6799164838958,-37.265528012317603
-1.9542616136355757,48.682160007374016,-38.147961972009945
-1.9544796441314345,48.68440352851872,-42.232969676706645
-1.9430424686525152,48.60153581446871,-62.758058818108566
-1.9432596630681416,48.60377942361111,-47.626929610502529
-1.9434768765452328,48.60602303054339,-38.294281971677222
-1.9436941090862963,48.608266635262,-29.388271109263986
-1.9439113606938379,48.61051023776346,-23.503491758459873
-1.9441286313703634,48.61275383804422,-21.772255254200843
-1.9443459211183811,48.614997436100786,-26.196862246990229
-1.9445632299403985,48.61724103192966,-30.907291384017359
-1.9447805578389235,48.6194846255273,-22.822788746715315
-1.9449979048164667,48.62172821689021,-19.884308107022946
-1.945215270875533,48.62397180601487,-19.555198597590373
-1.945432656018635,48.62621539289777,-19.133002762968253
-1.9456500602482816,48.628458977535395,-20.39252386061046
-1.9458674835669845,48.63070255992423,-21.978178903036206
-1.9460849259772537,48.63294614006076,-26.310670175232282
-1.9463023874816,48.635189717941486,-29.419332687849497
-1.9465198680825355,48.63743329356286,-27.241845781369427
-1.9467373677825714,48.639676866921405,-31.121969899299618
-1.946954886584222,48.64192043801357,-30.934465726760436
-1.9471724244899984,48.64416400683587,-29.215728485992646
-1.9473899815024156,48.64640757338478,-28.745476317523742
-1.9476075576239877,48.64865113765678,-22.676482531313354
-1.9478251528572268,48.650894699648354,-20.73357938668169
-1.9480427672046492,48.65313825935598,-18.600249362743916
-1.94826040066877,48.65538181677616,-19.991503796074849
-1.9484780532521053,48.65762537190537,-23.08245924149297
-1.9486957249571706,48.65986892474011,-19.994996713230016
-1.9489134157864834,48.662112475276835,-22.426906223473793
-1.9491311257425594,48.66435602351204,-25.115255494877481
-1.9493488548279148,48.66659956944222,-20.357863382059616
-1.9495666030450713,48.66884311306384,-21.741213198629623
-1.9497843703965443,48.671086654373404,-29.306224257911285
-1.9500021568848527,48.67333019336738,-43.078677394757179
-1.9502199625125178,48.67557373004225,-49.19170290546721
-1.9504377872820553,48.67781726439452,-49.771382940914677
-1.9506556311959886,48.680060796420626,-49.71438706141366
-1.9508734942568378,48.68230432611709,-56.386464228397116
-1.9510913764671223,48.6845478534804,-62.280819114502421
-1.9396596599009566,48.60167981110652,-80.29786641211679
-1.93987670649272,48.60392342645169,-64.448019930482474
-1.940093772133083,48.606167039587056,-51.349334394389828
-1.9403108568245513,48.60841065050908,-39.809233682765445
-1.9405279605696262,48.61065425921426,-31.918349263549008
-1.9407450833708162,48.61289786569909,-30.09830799347537
-1.9409622252306238,48.61514146996004,-34.526082646761587
-1.9411793861515585,48.6173850719936,-38.603480638283258
-1.9413965661361232,48.619628671796264,-29.846248746507957
-1.9416137651868284,48.621872269364516,-25.877681620212702
-1.9418309833061778,48.624115864694836,-23.632277522364063
-1.9420482204966818,48.62635945778372,-21.94065662057076
-1.942265476760849,48.62860304862765,-25.607691887603981
-1.9424827521011854,48.630846637223115,-30.343371994302704
-1.9427000465202033,48.6330902235666,-35.202960841254807
-1.9429173600204095,48.63533380765458,-42.316561144884062
-1.943134692604316,48.63757738948355,-40.183277049411402
-1.943352044274433,48.63982096905001,-44.222620880607636
-1.9435694150332699,48.64206454635042,-44.984382742202627
-1.943786804883339,48.64430812138127,-43.28646104815887
-1.944004213827153,48.64655169413905,-38.242696020070795
-1.9442216418672231,48.648795264620254,-30.223668495699737
-1.9444390890060619,48.65103883282135,-21.898116123216898
-1.9446565552461816,48.65328239873883,-18.923362567868928
-1.944874040590098,48.655525962369175,-18.327681025265239
-1.9450915450403232,48.65776952370888,-19.673162267883651
-1.9453090685993728,48.66001308275441,-19.312244513695966
-1.945526611269761,48.66225663950227,-22.046702756983322
-1.9457441730540033,48.66450019394894,-30.666606972014417
-1.9459617539546148,48.66674374609088,-27.22536646939653
-1.946179353974113,48.66898729592461,-28.488080337043204
-1.946396973115013,48.671230843446594,-35.9827899362474
-1.9466146113798322,48.67347438865331,-49.571922294336687
-1.9468322687710895,48.67571793154125,-69.699604948361753
-1.9470499452913022,48.677961472106894,-84.828710002072143
-1.9472676409429872,48.68020501034672,-79.688317327382649
-1.947485355728664,48.68244854625722,-80.760472568035496
-1.9477030896508534,48.68469207983487,-84.131821112939406
